temperature_K,pressure_bar,x_he,y_he,type,reference,ddb_reference_id,quality
15.5,5.17107,0.0029,0.9551,Pxy(T),Streett 1964,15219,
15.5,6.89477,0.0046,0.9631,Pxy(T),Streett 1964,15219,
15.5,8.61845,0.0051,0.9677,Pxy(T),Streett 1964,15219,
15.5,10.34214,0.0055,0.9702,Pxy(T),Streett 1964,15219,
15.5,12.06583,0.0064,0.9714,Pxy(T),Streett 1964,15219,
15.5,13.78952,0.0071,0.9729,Pxy(T),Streett 1964,15219,
15.5,17.2369,0.0082,0.9741,Pxy(T),Streett 1964,15219,
15.5,20.68429,0.0087,0.9748,Pxy(T),Streett 1964,15219,
17.07,3.89553,0.0036,0.8967,Pxy(T),Streett 1964,15219,
17.07,5.17107,0.0043,0.9186,Pxy(T),Streett 1964,15219,
17.07,6.89477,0.0057,0.933,Pxy(T),Streett 1964,15219,
17.07,8.61845,0.0072,0.9412,Pxy(T),Streett 1964,15219,
17.07,10.34214,0.008,0.9464,Pxy(T),Streett 1964,15219,
17.07,12.06583,0.0089,0.9503,Pxy(T),Streett 1964,15219,
17.07,13.78952,0.01,0.9515,Pxy(T),Streett 1964,15219,
17.07,17.2369,0.0114,0.9556,Pxy(T),Streett 1964,15219,
17.07,20.68429,0.0131,0.9582,Pxy(T),Streett 1964,15219,
17.07,27.57904,0.0151,0.959,Pxy(T),Streett 1964,15219,
20.4,2.41316,0.0034,0.536,Pxy(T),Streett 1964,15219,
20.4,3.44738,0.0041,0.6545,Pxy(T),Streett 1964,15219,
20.4,5.17107,0.0061,0.754,Pxy(T),Streett 1964,15219,
20.4,6.89477,0.0084,0.803,Pxy(T),Streett 1964,15219,
20.4,8.61845,0.0105,0.832,Pxy(T),Streett 1964,15219,
20.4,10.34214,0.013,0.848,Pxy(T),Streett 1964,15219,
20.4,12.06583,0.0154,0.8603,Pxy(T),Streett 1964,15219,
20.4,13.78952,0.0167,0.8713,Pxy(T),Streett 1964,15219,
20.4,17.2369,0.0205,0.8841,Pxy(T),Streett 1964,15219,
20.4,20.68429,0.0236,0.8897,Pxy(T),Streett 1964,15219,
20.4,27.57904,0.0296,0.9008,Pxy(T),Streett 1964,15219,
20.4,34.4738,0.0339,0.9035,Pxy(T),Streett 1964,15219,
23.0,3.44738,0.0038,0.37,Pxy(T),Streett 1964,15219,
23.0,5.17107,0.0075,0.5344,Pxy(T),Streett 1964,15219,
23.0,6.89477,0.0115,0.629,Pxy(T),Streett 1964,15219,
23.0,8.61845,0.0136,0.6787,Pxy(T),Streett 1964,15219,
23.0,10.34214,0.0172,0.7175,Pxy(T),Streett 1964,15219,
23.0,12.06583,0.0215,0.7435,Pxy(T),Streett 1964,15219,
23.0,13.78952,0.0239,0.763,Pxy(T),Streett 1964,15219,
23.0,17.2369,0.0291,0.7878,Pxy(T),Streett 1964,15219,
23.0,20.68429,0.0355,0.8055,Pxy(T),Streett 1964,15219,
23.0,27.57904,0.0458,0.8234,Pxy(T),Streett 1964,15219,
23.0,34.4738,0.0546,0.833,Pxy(T),Streett 1964,15219,
26.0,5.58475,0.0067,0.226,Pxy(T),Streett 1964,15219,
26.0,6.89477,0.0097,0.335,Pxy(T),Streett 1964,15219,
26.0,8.61845,0.0143,0.4337,Pxy(T),Streett 1964,15219,
26.0,10.34214,0.0192,0.4977,Pxy(T),Streett 1964,15219,
26.0,13.78952,0.0286,0.569,Pxy(T),Streett 1964,15219,
26.0,17.2369,0.0364,0.6267,Pxy(T),Streett 1964,15219,
26.0,20.68429,0.0476,0.6565,Pxy(T),Streett 1964,15219,
26.0,27.57904,0.0664,0.6858,Pxy(T),Streett 1964,15219,
26.0,34.4738,0.0848,0.7002,Pxy(T),Streett 1964,15219,
29.0,8.75635,0.0091,0.1403,Pxy(T),Streett 1964,15219,
29.0,10.41109,0.015,0.2192,Pxy(T),Streett 1964,15219,
29.0,12.06583,0.022,0.2775,Pxy(T),Streett 1964,15219,
29.0,13.78952,0.0307,0.3293,Pxy(T),Streett 1964,15219,
29.0,17.2369,0.0459,0.3954,Pxy(T),Streett 1964,15219,
29.0,20.68429,0.0621,0.437,Pxy(T),Streett 1964,15219,
29.0,27.57904,0.0963,0.4795,Pxy(T),Streett 1964,15219,
29.0,34.4738,0.1335,0.492,Pxy(T),Streett 1964,15219,
30.6,20.68429,0.0729,0.3032,Pxy(T),Streett 1964,15219,
30.6,27.57904,0.1324,0.326,Pxy(T),Streett 1964,15219,
30.6,31.02642,0.1795,0.3036,Pxy(T),Streett 1964,15219,
31.0,12.16925,0.0149,0.1128,Pxy(T),Streett 1964,15219,
31.0,13.72058,0.0251,0.1559,Pxy(T),Streett 1964,15219,
31.0,17.2369,0.0478,0.2258,Pxy(T),Streett 1964,15219,
31.0,20.68429,0.0749,0.2657,Pxy(T),Streett 1964,15219,
31.0,22.40797,0.0873,0.2755,Pxy(T),Streett 1964,15219,
31.0,24.13165,0.1103,0.2785,Pxy(T),Streett 1964,15219,
31.0,25.85535,0.1293,0.2759,Pxy(T),Streett 1964,15219,
31.0,27.57904,0.1564,0.2578,Pxy(T),Streett 1964,15219,
31.0,28.47536,0.2087,0.2185,Pxy(T),Streett 1964,15219,
31.5,12.20373,0.0127,0.0767,Pxy(T),Streett 1964,15219,
31.5,13.78952,0.023,0.1194,Pxy(T),Streett 1964,15219,
31.5,15.5132,0.0361,0.1564,Pxy(T),Streett 1964,15219,
31.5,17.2369,0.0483,0.1835,Pxy(T),Streett 1964,15219,
31.5,18.96059,0.0626,0.203,Pxy(T),Streett 1964,15219,
31.5,20.68429,0.0818,0.2137,Pxy(T),Streett 1964,15219,
31.5,22.40797,0.1047,0.2149,Pxy(T),Streett 1964,15219,
31.5,24.20061,0.1659,0.1758,Pxy(T),Streett 1964,15219,
31.9,12.03136,0.0081,0.04,Pxy(T),Streett 1964,15219,
31.9,13.78952,0.0207,0.0831,Pxy(T),Streett 1964,15219,
31.9,15.16847,0.0317,0.1175,Pxy(T),Streett 1964,15219,
31.9,16.44401,0.0429,0.1386,Pxy(T),Streett 1964,15219,
31.9,17.27138,0.0499,0.1482,Pxy(T),Streett 1964,15219,
31.9,18.99506,0.0687,0.1619,Pxy(T),Streett 1964,15219,
31.9,19.96033,0.0871,0.1635,Pxy(T),Streett 1964,15219,
31.9,20.68429,0.101,0.1588,Pxy(T),Streett 1964,15219,
32.5,12.99662,0.0098,0.0312,Pxy(T),Streett 1964,15219,
32.5,13.78952,0.0168,0.048,Pxy(T),Streett 1964,15219,
32.5,15.16847,0.031,0.0745,Pxy(T),Streett 1964,15219,
32.5,16.68532,0.0509,,Px(T),Streett 1964,15219,Rather gas-gas or fluid-fluid than vapor-liquid
32.5,17.2369,0.0599,,Px(T),Streett 1964,15219,Rather gas-gas or fluid-fluid than vapor-liquid
32.5,17.78848,0.0675,,Px(T),Streett 1964,15219,Rather gas-gas or fluid-fluid than vapor-liquid
20.4,2.39248,0.0023,0.494,Pxy(T),Sonntag 1964,15194,
20.4,3.48185,0.0058,0.6279,Pxy(T),Sonntag 1964,15194,
20.4,5.17107,0.006,0.728,Pxy(T),Sonntag 1964,15194,
20.4,6.89477,0.0087,0.7821,Pxy(T),Sonntag 1964,15194,
20.4,8.61845,0.0102,0.8083,Pxy(T),Sonntag 1964,15194,
20.4,10.34214,0.0117,0.83,Pxy(T),Sonntag 1964,15194,
20.4,12.06583,0.0155,0.8471,Pxy(T),Sonntag 1964,15194,
20.4,13.78952,0.0177,0.8579,Pxy(T),Sonntag 1964,15194,
20.4,20.68429,0.0225,0.868,Pxy(T),Sonntag 1964,15194,
20.4,27.57904,0.0266,0.8872,Pxy(T),Sonntag 1964,15194,
23.0,4.44711,0.0054,0.456,Pxy(T),Sonntag 1964,15194,
23.0,5.17107,0.0065,0.522,Pxy(T),Sonntag 1964,15194,
23.0,6.96371,0.0105,0.617,Pxy(T),Sonntag 1964,15194,
23.0,8.61845,0.0138,0.67,Pxy(T),Sonntag 1964,15194,
23.0,10.37661,0.0175,0.709,Pxy(T),Sonntag 1964,15194,
23.0,12.06583,0.0227,0.735,Pxy(T),Sonntag 1964,15194,
23.0,13.78952,0.024,0.7535,Pxy(T),Sonntag 1964,15194,
23.0,17.2369,0.03,0.779,Pxy(T),Sonntag 1964,15194,
23.0,20.68429,0.0365,0.795,Pxy(T),Sonntag 1964,15194,
23.0,27.57904,0.0473,0.791,Pxy(T),Sonntag 1964,15194,
23.0,34.4738,0.0562,0.825,Pxy(T),Sonntag 1964,15194,
26.0,6.89477,0.0079,0.2966,Pxy(T),Sonntag 1964,15194,
26.0,10.34214,0.02,0.4557,Pxy(T),Sonntag 1964,15194,
26.0,13.78952,0.0303,0.5355,Pxy(T),Sonntag 1964,15194,
26.0,17.2369,0.0367,0.5877,Pxy(T),Sonntag 1964,15194,
26.0,20.68429,0.0508,0.63,Pxy(T),Sonntag 1964,15194,
26.0,27.57904,0.0595,0.6651,Pxy(T),Sonntag 1964,15194,
26.0,34.4738,0.0782,0.6715,Pxy(T),Sonntag 1964,15194,
29.0,9.79055,0.0119,0.176,Pxy(T),Sonntag 1964,15194,
29.0,12.03136,0.0222,0.2615,Pxy(T),Sonntag 1964,15194,
29.0,13.78952,0.0305,0.3115,Pxy(T),Sonntag 1964,15194,
29.0,17.34032,0.0478,0.379,Pxy(T),Sonntag 1964,15194,
29.0,20.71875,0.0633,0.419,Pxy(T),Sonntag 1964,15194,
29.0,27.61351,0.1006,0.46,Pxy(T),Sonntag 1964,15194,
31.0,13.78952,0.0217,0.1317,Pxy(T),Sonntag 1964,15194,
31.0,17.13348,0.044,0.201,Pxy(T),Sonntag 1964,15194,
31.0,20.68429,0.0752,0.2314,Pxy(T),Sonntag 1964,15194,
31.0,25.26929,0.1255,0.2353,Pxy(T),Sonntag 1964,15194,
31.0,26.92404,0.1812,0.1844,Pxy(T),Sonntag 1964,15194,
31.5,12.16925,0.0107,0.0634,Pxy(T),Sonntag 1964,15194,
31.5,13.99637,0.0239,0.1099,Pxy(T),Sonntag 1964,15194,
31.5,17.2369,0.0455,0.1568,Pxy(T),Sonntag 1964,15194,
31.5,20.68429,0.0808,0.1713,Pxy(T),Sonntag 1964,15194,
31.5,21.71849,0.0928,0.187,Pxy(T),Sonntag 1964,15194,
31.5,22.8906,0.149,0.1657,Pxy(T),Sonntag 1964,15194,
15.5,26.61377,0.0095,0.971,Pxy(T),Sneed 1968,6582,
15.5,34.4738,0.0112,0.97,Pxy(T),Sneed 1968,6582,
15.5,41.43751,0.0113,0.973,Pxy(T),Sneed 1968,6582,
15.5,51.77965,0.0118,0.975,Pxy(T),Sneed 1968,6582,
15.5,52.46912,0.012,0.974,Pxy(T),Sneed 1968,6582,
17.0,29.02695,0.0157,0.951,Pxy(T),Sneed 1968,6582,
17.0,41.29961000000001,0.0166,0.957,Pxy(T),Sneed 1968,6582,
17.0,51.71069,0.0182,0.96,Pxy(T),Sneed 1968,6582,
17.0,65.43127,0.0189,0.962,Pxy(T),Sneed 1968,6582,
17.0,82.80607,0.0196,0.966,Pxy(T),Sneed 1968,6582,
20.4,34.4738,0.0335,0.897,Pxy(T),Sneed 1968,6582,
20.4,41.43751,0.0356,0.902,Pxy(T),Sneed 1968,6582,
20.4,51.77965,0.0405,0.903,Pxy(T),Sneed 1968,6582,
20.4,65.50023,0.0432,0.912,Pxy(T),Sneed 1968,6582,
20.4,82.80607,0.0431,0.92,Pxy(T),Sneed 1968,6582,
20.4,103.42139,0.045,0.927,Pxy(T),Sneed 1968,6582,
23.0,41.36856,0.058,0.824,Pxy(T),Sneed 1968,6582,
23.0,51.64175,0.065,0.828,Pxy(T),Sneed 1968,6582,
23.0,65.50023,0.071,0.837,Pxy(T),Sneed 1968,6582,
23.0,82.73712,0.076,0.851,Pxy(T),Sneed 1968,6582,
23.0,103.35245,0.078,0.867,Pxy(T),Sneed 1968,6582,
26.0,41.29961000000001,0.092,0.688,Pxy(T),Sneed 1968,6582,
26.0,52.05544,0.111,0.695,Pxy(T),Sneed 1968,6582,
26.0,65.50023,0.138,0.705,Pxy(T),Sneed 1968,6582,
26.0,82.87501,0.157,0.716,Pxy(T),Sneed 1968,6582,
26.0,103.42139,0.144,0.736,Pxy(T),Sneed 1968,6582,
27.8,23.64903,0.066,0.53,Pxy(T),Sneed 1968,6582,
27.8,34.54274,0.102,0.558,Pxy(T),Sneed 1968,6582,
27.8,51.64175,0.166,0.567,Pxy(T),Sneed 1968,6582,
27.8,65.50023,0.205,0.556,Pxy(T),Sneed 1968,6582,
27.8,82.73712,0.242,0.543,Pxy(T),Sneed 1968,6582,
27.8,88.11502,0.253,0.549,Pxy(T),Sneed 1968,6582,
27.8,91.14873,0.26,0.556,Pxy(T),Sneed 1968,6582,
27.8,92.94135,0.257,0.561,Pxy(T),Sneed 1968,6582,
27.8,103.5593,0.264,0.576,Pxy(T),Sneed 1968,6582,
28.05,70.32655,0.255,0.504,Pxy(T),Sneed 1968,6582,
28.05,90.1145,0.297,0.497,Pxy(T),Sneed 1968,6582,
28.05,97.28506,0.314,0.509,Pxy(T),Sneed 1968,6582,
28.05,103.42139,0.328,0.517,Pxy(T),Sneed 1968,6582,
28.2,58.60546,0.212,0.521,Pxy(T),Sneed 1968,6582,
28.2,68.74075,0.264,0.486,Pxy(T),Sneed 1968,6582,
28.2,70.80917,0.269,0.475,Pxy(T),Sneed 1968,6582,
28.2,72.67077,0.279,0.477,Pxy(T),Sneed 1968,6582,
28.2,78.46236,0.321,0.441,Pxy(T),Sneed 1968,6582,
28.45,42.8854,0.15,0.515,Pxy(T),Sneed 1968,6582,
28.45,51.71069,0.191,0.496,Pxy(T),Sneed 1968,6582,
28.45,59.63967,0.252,0.474,Pxy(T),Sneed 1968,6582,
28.45,63.15599,0.276,0.441,Pxy(T),Sneed 1968,6582,
28.45,64.87968,0.297,0.416,Pxy(T),Sneed 1968,6582,
28.45,66.74127,0.363,0.376,Pxy(T),Sneed 1968,6582,
29.0,29.78536,0.098,0.457,Pxy(T),Sneed 1968,6582,
29.0,36.33538,0.133,0.469,Pxy(T),Sneed 1968,6582,
29.0,41.43751,0.165,0.465,Pxy(T),Sneed 1968,6582,
29.0,51.71069,0.268,0.38,Pxy(T),Sneed 1968,6582,
29.0,51.98648,0.277,0.365,Pxy(T),Sneed 1968,6582,
29.8,28.40641,0.107,0.387,Pxy(T),Sneed 1968,6582,
29.8,34.4738,0.156,0.39,Pxy(T),Sneed 1968,6582,
29.8,38.61065,0.195,0.358,Pxy(T),Sneed 1968,6582,
29.8,40.05856,0.232,0.327,Pxy(T),Sneed 1968,6582,
29.8,40.33435,0.248,0.317,Pxy(T),Sneed 1968,6582,
20.4,57.98494,0.0461,0.903,Pxy(T),Sneed 1968,6582,
20.4,73.22235,0.0459,0.908,Pxy(T),Sneed 1968,6582,
20.4,86.73608,0.0442,0.914,Pxy(T),Sneed 1968,6582,
20.4,103.35245,0.0446,0.922,Pxy(T),Sneed 1968,6582,
27.8,19.71902,0.049,0.482,Pxy(T),Sneed 1968,6582,
27.8,34.54274,0.104,0.546,Pxy(T),Sneed 1968,6582,
27.8,51.71069,0.17,0.548,Pxy(T),Sneed 1968,6582,
27.8,65.63812,0.227,0.53,Pxy(T),Sneed 1968,6582,
27.8,82.46132,0.281,0.509,Pxy(T),Sneed 1968,6582,
27.8,89.35609,0.293,0.493,Pxy(T),Sneed 1968,6582,
27.8,100.73244,0.308,0.483,Pxy(T),Sneed 1968,6582,
29.0,36.68011,0.143,0.447,Pxy(T),Sneed 1968,6582,
29.0,43.23015,0.191,0.424,Pxy(T),Sneed 1968,6582,
29.0,47.367,0.249,0.382,Pxy(T),Sneed 1968,6582,
29.0,47.98753,0.261,0.359,Pxy(T),Sneed 1968,6582,
29.0,48.60805,0.305,0.305,Pxy(T),Sneed 1968,6582,
20.0,0.9067,,0.0,Py(T),Hiza 1981,15541,
20.0,6.23301,,0.8109,Py(T),Hiza 1981,15541,
20.0,10.41401,,0.8652,Py(T),Hiza 1981,15541,
20.0,15.062,,0.8906,Py(T),Hiza 1981,15541,
20.0,19.28101,,0.8974,Py(T),Hiza 1981,15541,
20.0,0.9067,0.0,,Px(T),Hiza 1981,15541,
20.0,7.34601,0.0064,,Px(T),Hiza 1981,15541,
20.0,11.20801,0.0125,,Px(T),Hiza 1981,15541,
20.0,15.96501,0.0165,,Px(T),Hiza 1981,15541,
20.0,20.11201,0.0208,,Px(T),Hiza 1981,15541,
22.0,1.5824,0.0,,Px(T),Hiza 1981,15541,
22.0,5.861,0.0075,,Px(T),Hiza 1981,15541,
22.0,9.77701,0.0132,,Px(T),Hiza 1981,15541,
22.0,14.65501,0.022,,Px(T),Hiza 1981,15541,
22.0,20.62301,0.0305,,Px(T),Hiza 1981,15541,
24.0,2.5648000000000004,,0.0,Py(T),Hiza 1981,15541,
24.0,6.72601,,0.5305,Py(T),Hiza 1981,15541,
24.0,10.852,,0.6598,Py(T),Hiza 1981,15541,
24.0,15.517,,0.7224,Py(T),Hiza 1981,15541,
24.0,20.20201,,0.7497,Py(T),Hiza 1981,15541,
24.0,2.5648000000000004,0.0,,Px(T),Hiza 1981,15541,
24.0,7.38801,0.0099,,Px(T),Hiza 1981,15541,
24.0,10.90801,0.0175,,Px(T),Hiza 1981,15541,
24.0,16.54701,0.0287,,Px(T),Hiza 1981,15541,
24.0,20.067,0.0365,,Px(T),Hiza 1981,15541,
26.0,3.9334,,0.0,Py(T),Hiza 1981,15541,
26.0,8.735,,0.435,Py(T),Hiza 1981,15541,
26.0,12.18601,,0.5428,Py(T),Hiza 1981,15541,
26.0,16.28901,,0.6089,Py(T),Hiza 1981,15541,
26.0,19.96001,,0.6417,Py(T),Hiza 1981,15541,
26.0,3.9334,0.0,,Px(T),Hiza 1981,15541,
26.0,8.48101,0.0114,,Px(T),Hiza 1981,15541,
26.0,10.92501,0.0192,,Px(T),Hiza 1981,15541,
26.0,12.49,0.0237,,Px(T),Hiza 1981,15541,
26.0,13.95901,0.0261,,Px(T),Hiza 1981,15541,
26.0,16.024,0.0327,,Px(T),Hiza 1981,15541,
26.0,18.05001,0.0384,,Px(T),Hiza 1981,15541,
26.0,20.25701,0.0425,,Px(T),Hiza 1981,15541,
28.0,5.7295,,0.0,Py(T),Hiza 1981,15541,
28.0,8.749,,0.2424,Py(T),Hiza 1981,15541,
28.0,11.93101,,0.3689,Py(T),Hiza 1981,15541,
28.0,16.09501,,0.4608,Py(T),Hiza 1981,15541,
28.0,20.34301,,0.5119,Py(T),Hiza 1981,15541,
28.0,5.7295,0.0,,Px(T),Hiza 1981,15541,
28.0,8.35601,0.0095,,Px(T),Hiza 1981,15541,
28.0,11.70701,0.0221,,Px(T),Hiza 1981,15541,
28.0,11.793,0.0218,,Px(T),Hiza 1981,15541,
28.0,17.02001,0.0412,,Px(T),Hiza 1981,15541,
28.0,19.98101,0.052,,Px(T),Hiza 1981,15541,
18.26,0.738,0.000383,0.384,Pxy(T),Yaminishi 1992,15340,
18.26,0.973,0.000643,0.469,Pxy(T),Yaminishi 1992,15340,
19.11,0.927,0.000422,0.28,Pxy(T),Yaminishi 1992,15340,
19.11,1.116,0.000882,0.377,Pxy(T),Yaminishi 1992,15340,
19.11,1.283,0.00119,0.564,Pxy(T),Yaminishi 1992,15340,
17.92,0.852,0.000654,,Px(T),Yaminishi 1992,15340,
17.92,1.375,0.00125,,Px(T),Yaminishi 1992,15340,
18.26,1.02,0.000626,,Px(T),Yaminishi 1992,15340,
18.26,1.091,0.000764,,Px(T),Yaminishi 1992,15340,
18.26,1.6,0.00181,,Px(T),Yaminishi 1992,15340,
18.73,0.954,0.00055,,Px(T),Yaminishi 1992,15340,
18.73,1.139,0.00112,,Px(T),Yaminishi 1992,15340,
18.73,1.487,0.0017,,Px(T),Yaminishi 1992,15340,
26.0,5.89999,0.0058,,Px(T),Streett 1973,15526,
26.0,8.7,0.0137,,Px(T),Streett 1973,15526,
26.0,13.1,0.0258,,Px(T),Streett 1973,15526,
26.0,5.89999,,0.2637,Py(T),Streett 1973,15526,
26.0,8.7,,0.429,Py(T),Streett 1973,15526,
26.0,13.1,,0.57,Py(T),Streett 1973,15526,
27.18,59.0,0.1624,,Px(T),Streett 1973,15526,Rather gas-gas or fluid-fluid than vapor-liquid
27.18,70.0,0.1795,,Px(T),Streett 1973,15526,Rather gas-gas or fluid-fluid than vapor-liquid
27.18,83.0,0.2015,,Px(T),Streett 1973,15526,Rather gas-gas or fluid-fluid than vapor-liquid
27.18,96.99998,0.2142,,Px(T),Streett 1973,15526,Rather gas-gas or fluid-fluid than vapor-liquid
27.18,110.0,0.2157,,Px(T),Streett 1973,15526,Rather gas-gas or fluid-fluid than vapor-liquid
27.18,123.99999,0.2133,,Px(T),Streett 1973,15526,Rather gas-gas or fluid-fluid than vapor-liquid
27.18,138.00002,0.2061,,Px(T),Streett 1973,15526,Rather gas-gas or fluid-fluid than vapor-liquid
27.18,172.0,0.1846,,Px(T),Streett 1973,15526,Rather gas-gas or fluid-fluid than vapor-liquid
27.18,210.0,0.1619,,Px(T),Streett 1973,15526,Rather gas-gas or fluid-fluid than vapor-liquid
27.18,240.99998,0.1461,,Px(T),Streett 1973,15526,Rather gas-gas or fluid-fluid than vapor-liquid
27.18,275.0,0.1314,,Px(T),Streett 1973,15526,Rather gas-gas or fluid-fluid than vapor-liquid
27.18,310.0,0.1176,,Px(T),Streett 1973,15526,Rather gas-gas or fluid-fluid than vapor-liquid
27.18,345.0,0.1079,,Px(T),Streett 1973,15526,Rather gas-gas or fluid-fluid than vapor-liquid
27.18,413.99997,0.0897,,Px(T),Streett 1973,15526,Rather gas-gas or fluid-fluid than vapor-liquid
27.18,485.99997,0.0747,,Px(T),Streett 1973,15526,Rather gas-gas or fluid-fluid than vapor-liquid
27.18,552.0,0.064,,Px(T),Streett 1973,15526,Rather gas-gas or fluid-fluid than vapor-liquid
27.18,621.0,0.0549,,Px(T),Streett 1973,15526,Rather gas-gas or fluid-fluid than vapor-liquid
27.18,59.0,,0.6264,Py(T),Streett 1973,15526,Rather gas-gas or fluid-fluid than vapor-liquid
27.18,70.0,,0.6409,Py(T),Streett 1973,15526,Rather gas-gas or fluid-fluid than vapor-liquid
27.18,83.0,,0.6513,Py(T),Streett 1973,15526,Rather gas-gas or fluid-fluid than vapor-liquid
27.18,96.99998,,0.6665,Py(T),Streett 1973,15526,Rather gas-gas or fluid-fluid than vapor-liquid
27.18,110.0,,0.6775,Py(T),Streett 1973,15526,Rather gas-gas or fluid-fluid than vapor-liquid
27.18,123.99999,,0.7045,Py(T),Streett 1973,15526,Rather gas-gas or fluid-fluid than vapor-liquid
27.18,138.00002,,0.7236,Py(T),Streett 1973,15526,Rather gas-gas or fluid-fluid than vapor-liquid
27.18,172.0,,0.7734,Py(T),Streett 1973,15526,Rather gas-gas or fluid-fluid than vapor-liquid
27.18,219.0,,0.8163,Py(T),Streett 1973,15526,Rather gas-gas or fluid-fluid than vapor-liquid
27.18,240.99998,,0.847,Py(T),Streett 1973,15526,Rather gas-gas or fluid-fluid than vapor-liquid
27.18,275.0,,0.8685,Py(T),Streett 1973,15526,Rather gas-gas or fluid-fluid than vapor-liquid
27.18,310.0,,0.88,Py(T),Streett 1973,15526,Rather gas-gas or fluid-fluid than vapor-liquid
27.18,345.0,,0.891,Py(T),Streett 1973,15526,Rather gas-gas or fluid-fluid than vapor-liquid
27.18,413.99997,,0.923,Py(T),Streett 1973,15526,Rather gas-gas or fluid-fluid than vapor-liquid
27.18,485.99997,,0.944,Py(T),Streett 1973,15526,Rather gas-gas or fluid-fluid than vapor-liquid
27.18,552.0,,0.963,Py(T),Streett 1973,15526,Rather gas-gas or fluid-fluid than vapor-liquid
27.18,621.0,,0.967,Py(T),Streett 1973,15526,Rather gas-gas or fluid-fluid than vapor-liquid
27.8,69.00001,0.2092,,Px(T),Streett 1973,15526,Rather gas-gas or fluid-fluid than vapor-liquid
27.8,83.0,0.2459,,Px(T),Streett 1973,15526,Rather gas-gas or fluid-fluid than vapor-liquid
27.8,102.99999,0.2721,,Px(T),Streett 1973,15526,Rather gas-gas or fluid-fluid than vapor-liquid
27.8,123.99999,0.266,,Px(T),Streett 1973,15526,Rather gas-gas or fluid-fluid than vapor-liquid
27.8,69.00001,,0.5787,Py(T),Streett 1973,15526,Rather gas-gas or fluid-fluid than vapor-liquid
27.8,83.0,,0.5704,Py(T),Streett 1973,15526,Rather gas-gas or fluid-fluid than vapor-liquid
27.8,102.99999,,0.5973,Py(T),Streett 1973,15526,Rather gas-gas or fluid-fluid than vapor-liquid
27.8,123.99999,,0.6295,Py(T),Streett 1973,15526,Rather gas-gas or fluid-fluid than vapor-liquid
27.8,145.0,,0.677,Py(T),Streett 1973,15526,Rather gas-gas or fluid-fluid than vapor-liquid
28.47,206.99998,0.2347,,Px(T),Streett 1973,15526,Rather gas-gas or fluid-fluid than vapor-liquid
28.47,158.99998,0.3147,,Px(T),Streett 1973,15526,Rather gas-gas or fluid-fluid than vapor-liquid
28.47,151.99998,0.3364,,Px(T),Streett 1973,15526,Rather gas-gas or fluid-fluid than vapor-liquid
28.47,145.0,0.3735,,Px(T),Streett 1973,15526,Rather gas-gas or fluid-fluid than vapor-liquid
28.47,145.0,,0.5384,Py(T),Streett 1973,15526,Rather gas-gas or fluid-fluid than vapor-liquid
28.47,151.99998,,0.5833,Py(T),Streett 1973,15526,Rather gas-gas or fluid-fluid than vapor-liquid
28.47,158.99998,,0.615,Py(T),Streett 1973,15526,Rather gas-gas or fluid-fluid than vapor-liquid
28.47,206.99998,,0.7335,Py(T),Streett 1973,15526,Rather gas-gas or fluid-fluid than vapor-liquid
28.47,172.0,,0.6853,Py(T),Streett 1973,15526,Rather gas-gas or fluid-fluid than vapor-liquid
29.0,22.0,0.0664,,Px(T),Streett 1973,15526,Rather gas-gas or fluid-fluid than vapor-liquid
29.0,24.99999,0.0801,,Px(T),Streett 1973,15526,Rather gas-gas or fluid-fluid than vapor-liquid
29.0,30.0,0.1059,,Px(T),Streett 1973,15526,Rather gas-gas or fluid-fluid than vapor-liquid
29.0,35.0,0.1335,,Px(T),Streett 1973,15526,Rather gas-gas or fluid-fluid than vapor-liquid
29.0,179.0,0.365,,Px(T),Streett 1973,15526,Rather gas-gas or fluid-fluid than vapor-liquid
29.0,187.99998,0.3271,,Px(T),Streett 1973,15526,Rather gas-gas or fluid-fluid than vapor-liquid
29.0,206.99998,0.2839,,Px(T),Streett 1973,15526,Rather gas-gas or fluid-fluid than vapor-liquid
29.0,240.99998,0.2335,,Px(T),Streett 1973,15526,Rather gas-gas or fluid-fluid than vapor-liquid
29.0,276.0,0.1999,,Px(T),Streett 1973,15526,Rather gas-gas or fluid-fluid than vapor-liquid
29.0,345.0,0.1566,,Px(T),Streett 1973,15526,Rather gas-gas or fluid-fluid than vapor-liquid
29.0,413.99997,0.127,,Px(T),Streett 1973,15526,Rather gas-gas or fluid-fluid than vapor-liquid
29.0,468.0,0.1101,,Px(T),Streett 1973,15526,Rather gas-gas or fluid-fluid than vapor-liquid
29.0,552.0,0.0911,,Px(T),Streett 1973,15526,Rather gas-gas or fluid-fluid than vapor-liquid
29.0,621.0,0.0778,,Px(T),Streett 1973,15526,Rather gas-gas or fluid-fluid than vapor-liquid
29.0,683.0,0.0689,,Px(T),Streett 1973,15526,Rather gas-gas or fluid-fluid than vapor-liquid
29.0,22.0,,0.4498,Py(T),Streett 1973,15526,Rather gas-gas or fluid-fluid than vapor-liquid
29.0,24.99999,,0.4698,Py(T),Streett 1973,15526,Rather gas-gas or fluid-fluid than vapor-liquid
29.0,30.0,,0.4865,Py(T),Streett 1973,15526,Rather gas-gas or fluid-fluid than vapor-liquid
29.0,35.0,,0.4913,Py(T),Streett 1973,15526,Rather gas-gas or fluid-fluid than vapor-liquid
29.0,179.0,,0.5695,Py(T),Streett 1973,15526,Rather gas-gas or fluid-fluid than vapor-liquid
29.0,187.99998,,0.6196,Py(T),Streett 1973,15526,Rather gas-gas or fluid-fluid than vapor-liquid
29.0,206.99998,,0.6815,Py(T),Streett 1973,15526,Rather gas-gas or fluid-fluid than vapor-liquid
29.0,240.99998,,0.7485,Py(T),Streett 1973,15526,Rather gas-gas or fluid-fluid than vapor-liquid
29.0,276.0,,0.7933,Py(T),Streett 1973,15526,Rather gas-gas or fluid-fluid than vapor-liquid
29.0,345.0,,0.8473,Py(T),Streett 1973,15526,Rather gas-gas or fluid-fluid than vapor-liquid
29.0,413.99997,,0.8765,Py(T),Streett 1973,15526,Rather gas-gas or fluid-fluid than vapor-liquid
29.0,468.0,,0.903,Py(T),Streett 1973,15526,Rather gas-gas or fluid-fluid than vapor-liquid
29.0,552.0,,0.931,Py(T),Streett 1973,15526,Rather gas-gas or fluid-fluid than vapor-liquid
29.0,621.0,,0.9495,Py(T),Streett 1973,15526,Rather gas-gas or fluid-fluid than vapor-liquid
29.0,683.0,,0.963,Py(T),Streett 1973,15526,Rather gas-gas or fluid-fluid than vapor-liquid
31.0,298.99997,0.3574,,Px(T),Streett 1973,15526,Rather gas-gas or fluid-fluid than vapor-liquid
31.0,311.0,0.3066,,Px(T),Streett 1973,15526,Rather gas-gas or fluid-fluid than vapor-liquid
31.0,370.99997,0.2234,,Px(T),Streett 1973,15526,Rather gas-gas or fluid-fluid than vapor-liquid
31.0,411.99997,0.193,,Px(T),Streett 1973,15526,Rather gas-gas or fluid-fluid than vapor-liquid
31.0,482.99997,0.1521,,Px(T),Streett 1973,15526,Rather gas-gas or fluid-fluid than vapor-liquid
31.0,552.0,0.1273,,Px(T),Streett 1973,15526,Rather gas-gas or fluid-fluid than vapor-liquid
31.0,621.0,0.1074,,Px(T),Streett 1973,15526,Rather gas-gas or fluid-fluid than vapor-liquid
31.0,689.0,0.0919,,Px(T),Streett 1973,15526,Rather gas-gas or fluid-fluid than vapor-liquid
31.0,757.99994,0.0831,,Px(T),Streett 1973,15526,Rather gas-gas or fluid-fluid than vapor-liquid
31.0,298.99997,,0.618,Py(T),Streett 1973,15526,Rather gas-gas or fluid-fluid than vapor-liquid
31.0,311.0,,0.677,Py(T),Streett 1973,15526,Rather gas-gas or fluid-fluid than vapor-liquid
31.0,370.99997,,0.796,Py(T),Streett 1973,15526,Rather gas-gas or fluid-fluid than vapor-liquid
31.0,411.99997,,0.8297,Py(T),Streett 1973,15526,Rather gas-gas or fluid-fluid than vapor-liquid
31.0,482.99997,,0.8735,Py(T),Streett 1973,15526,Rather gas-gas or fluid-fluid than vapor-liquid
31.0,552.0,,0.908,Py(T),Streett 1973,15526,Rather gas-gas or fluid-fluid than vapor-liquid
31.0,621.0,,0.902,Py(T),Streett 1973,15526,Rather gas-gas or fluid-fluid than vapor-liquid
31.0,689.0,,0.948,Py(T),Streett 1973,15526,Rather gas-gas or fluid-fluid than vapor-liquid
31.0,757.99994,,0.954,Py(T),Streett 1973,15526,Rather gas-gas or fluid-fluid than vapor-liquid
34.95,1103.0,0.0899,,Px(T),Streett 1973,15526,Rather gas-gas or fluid-fluid than vapor-liquid
34.95,964.99994,0.1137,,Px(T),Streett 1973,15526,Rather gas-gas or fluid-fluid than vapor-liquid
34.95,823.99994,0.1419,,Px(T),Streett 1973,15526,Rather gas-gas or fluid-fluid than vapor-liquid
34.95,689.0,0.1877,,Px(T),Streett 1973,15526,Rather gas-gas or fluid-fluid than vapor-liquid
34.95,586.0,0.278,,Px(T),Streett 1973,15526,Rather gas-gas or fluid-fluid than vapor-liquid
34.95,531.0,0.3413,,Px(T),Streett 1973,15526,Rather gas-gas or fluid-fluid than vapor-liquid
34.95,524.0,0.3614,,Px(T),Streett 1973,15526,Rather gas-gas or fluid-fluid than vapor-liquid
34.95,507.00003,0.4455,,Px(T),Streett 1973,15526,Rather gas-gas or fluid-fluid than vapor-liquid
34.95,507.00003,,0.63,Py(T),Streett 1973,15526,Rather gas-gas or fluid-fluid than vapor-liquid
34.95,524.0,,0.7105,Py(T),Streett 1973,15526,Rather gas-gas or fluid-fluid than vapor-liquid
34.95,531.0,,0.7266,Py(T),Streett 1973,15526,Rather gas-gas or fluid-fluid than vapor-liquid
34.95,586.0,,0.788,Py(T),Streett 1973,15526,Rather gas-gas or fluid-fluid than vapor-liquid
34.95,689.0,,0.841,Py(T),Streett 1973,15526,Rather gas-gas or fluid-fluid than vapor-liquid
34.95,823.99994,,0.887,Py(T),Streett 1973,15526,Rather gas-gas or fluid-fluid than vapor-liquid
34.95,964.99994,,0.946,Py(T),Streett 1973,15526,Rather gas-gas or fluid-fluid than vapor-liquid
34.95,1103.0,,0.964,Py(T),Streett 1973,15526,Rather gas-gas or fluid-fluid than vapor-liquid
38.88,1380.0,0.1095,,Px(T),Streett 1973,15526,Rather gas-gas or fluid-fluid than vapor-liquid
38.88,1173.0,0.1427,,Px(T),Streett 1973,15526,Rather gas-gas or fluid-fluid than vapor-liquid
38.88,1036.0,0.1851,,Px(T),Streett 1973,15526,Rather gas-gas or fluid-fluid than vapor-liquid
38.88,896.99994,0.2347,,Px(T),Streett 1973,15526,Rather gas-gas or fluid-fluid than vapor-liquid
38.88,830.99994,0.3051,,Px(T),Streett 1973,15526,Rather gas-gas or fluid-fluid than vapor-liquid
38.88,769.0,0.3517,,Px(T),Streett 1973,15526,Rather gas-gas or fluid-fluid than vapor-liquid
38.88,744.99994,0.4301,,Px(T),Streett 1973,15526,Rather gas-gas or fluid-fluid than vapor-liquid
38.88,744.99994,,0.7055,Py(T),Streett 1973,15526,Rather gas-gas or fluid-fluid than vapor-liquid
38.88,769.0,,0.7563,Py(T),Streett 1973,15526,Rather gas-gas or fluid-fluid than vapor-liquid
38.88,830.99994,,0.7895,Py(T),Streett 1973,15526,Rather gas-gas or fluid-fluid than vapor-liquid
38.88,896.99994,,0.822,Py(T),Streett 1973,15526,Rather gas-gas or fluid-fluid than vapor-liquid
38.88,1036.0,,0.86,Py(T),Streett 1973,15526,Rather gas-gas or fluid-fluid than vapor-liquid
38.88,1173.0,,0.907,Py(T),Streett 1973,15526,Rather gas-gas or fluid-fluid than vapor-liquid
61.5,3543.99976,0.1764,,Px(T),Streett 1973,15526,Rather gas-gas or fluid-fluid than vapor-liquid
61.5,3348.99976,0.2033,,Px(T),Streett 1973,15526,Rather gas-gas or fluid-fluid than vapor-liquid
61.5,3109.99976,0.2515,,Px(T),Streett 1973,15526,Rather gas-gas or fluid-fluid than vapor-liquid
61.5,2896.0,0.2989,,Px(T),Streett 1973,15526,Rather gas-gas or fluid-fluid than vapor-liquid
61.5,2784.99976,0.3449,,Px(T),Streett 1973,15526,Rather gas-gas or fluid-fluid than vapor-liquid
61.5,2758.0,0.3731,,Px(T),Streett 1973,15526,Rather gas-gas or fluid-fluid than vapor-liquid
61.5,2758.0,,0.775,Py(T),Streett 1973,15526,Rather gas-gas or fluid-fluid than vapor-liquid
61.5,2784.99976,,0.7912,Py(T),Streett 1973,15526,Rather gas-gas or fluid-fluid than vapor-liquid
61.5,2896.0,,0.821,Py(T),Streett 1973,15526,Rather gas-gas or fluid-fluid than vapor-liquid
61.5,3109.99976,,0.858,Py(T),Streett 1973,15526,Rather gas-gas or fluid-fluid than vapor-liquid
61.5,3348.99976,,0.882,Py(T),Streett 1973,15526,Rather gas-gas or fluid-fluid than vapor-liquid
61.5,3526.99976,,0.901,Py(T),Streett 1973,15526,Rather gas-gas or fluid-fluid than vapor-liquid
70.3,4916.0,0.157,,Px(T),Streett 1973,15526,Rather gas-gas or fluid-fluid than vapor-liquid
70.3,4482.0,0.197,,Px(T),Streett 1973,15526,Rather gas-gas or fluid-fluid than vapor-liquid
70.3,4346.0,0.222,,Px(T),Streett 1973,15526,Rather gas-gas or fluid-fluid than vapor-liquid
70.3,4282.0,0.232,,Px(T),Streett 1973,15526,Rather gas-gas or fluid-fluid than vapor-liquid
70.3,4071.0,0.261,,Px(T),Streett 1973,15526,Rather gas-gas or fluid-fluid than vapor-liquid
70.3,3863.99976,0.311,,Px(T),Streett 1973,15526,Rather gas-gas or fluid-fluid than vapor-liquid
70.3,3723.0,0.362,,Px(T),Streett 1973,15526,Rather gas-gas or fluid-fluid than vapor-liquid
70.3,3668.0,0.393,,Px(T),Streett 1973,15526,Rather gas-gas or fluid-fluid than vapor-liquid
70.3,3668.0,,0.754,Py(T),Streett 1973,15526,Rather gas-gas or fluid-fluid than vapor-liquid
70.3,3723.0,,0.778,Py(T),Streett 1973,15526,Rather gas-gas or fluid-fluid than vapor-liquid
70.3,3863.99976,,0.81,Py(T),Streett 1973,15526,Rather gas-gas or fluid-fluid than vapor-liquid
70.3,4071.0,,0.844,Py(T),Streett 1973,15526,Rather gas-gas or fluid-fluid than vapor-liquid
70.3,4282.0,,0.87,Py(T),Streett 1973,15526,Rather gas-gas or fluid-fluid than vapor-liquid
70.3,4482.0,,0.902,Py(T),Streett 1973,15526,Rather gas-gas or fluid-fluid than vapor-liquid
70.3,4916.0,,0.914,Py(T),Streett 1973,15526,Rather gas-gas or fluid-fluid than vapor-liquid
77.61,5192.0,0.1944,,Px(T),Streett 1973,15526,Rather gas-gas or fluid-fluid than vapor-liquid
77.61,4830.0,0.3061,,Px(T),Streett 1973,15526,Rather gas-gas or fluid-fluid than vapor-liquid
77.61,4640.0,0.3527,,Px(T),Streett 1973,15526,Rather gas-gas or fluid-fluid than vapor-liquid
77.61,4491.0,0.4243,,Px(T),Streett 1973,15526,Rather gas-gas or fluid-fluid than vapor-liquid
77.61,4491.0,,0.7042,Py(T),Streett 1973,15526,Rather gas-gas or fluid-fluid than vapor-liquid
77.61,4640.0,,0.7715,Py(T),Streett 1973,15526,Rather gas-gas or fluid-fluid than vapor-liquid
77.61,4830.0,,0.8187,Py(T),Streett 1973,15526,Rather gas-gas or fluid-fluid than vapor-liquid
77.61,5192.0,,0.898,Py(T),Streett 1973,15526,Rather gas-gas or fluid-fluid than vapor-liquid
84.82,6583.99951,0.2066,,Px(T),Streett 1973,15526,Rather gas-gas or fluid-fluid than vapor-liquid
84.82,6205.0,0.2403,,Px(T),Streett 1973,15526,Rather gas-gas or fluid-fluid than vapor-liquid
84.82,5863.99951,0.2843,,Px(T),Streett 1973,15526,Rather gas-gas or fluid-fluid than vapor-liquid
84.82,5654.0,0.3326,,Px(T),Streett 1973,15526,Rather gas-gas or fluid-fluid than vapor-liquid
84.82,5516.0,0.3711,,Px(T),Streett 1973,15526,Rather gas-gas or fluid-fluid than vapor-liquid
84.82,5654.0,,0.783,Py(T),Streett 1973,15526,Rather gas-gas or fluid-fluid than vapor-liquid
84.82,5863.99951,,0.809,Py(T),Streett 1973,15526,Rather gas-gas or fluid-fluid than vapor-liquid
84.82,6205.0,,0.842,Py(T),Streett 1973,15526,Rather gas-gas or fluid-fluid than vapor-liquid
84.82,6583.99951,,0.87,Py(T),Streett 1973,15526,Rather gas-gas or fluid-fluid than vapor-liquid
93.0,8137.0,0.1837,,Px(T),Streett 1973,15526,Rather gas-gas or fluid-fluid than vapor-liquid
93.0,7943.0,0.202,,Px(T),Streett 1973,15526,Rather gas-gas or fluid-fluid than vapor-liquid
93.0,7563.99951,0.236,,Px(T),Streett 1973,15526,Rather gas-gas or fluid-fluid than vapor-liquid
93.0,7238.99951,0.2703,,Px(T),Streett 1973,15526,Rather gas-gas or fluid-fluid than vapor-liquid
93.0,6902.0,0.3578,,Px(T),Streett 1973,15526,Rather gas-gas or fluid-fluid than vapor-liquid
93.0,6550.0,0.427,,Px(T),Streett 1973,15526,Rather gas-gas or fluid-fluid than vapor-liquid
93.0,6550.0,,0.733,Py(T),Streett 1973,15526,Rather gas-gas or fluid-fluid than vapor-liquid
93.0,6902.0,,0.796,Py(T),Streett 1973,15526,Rather gas-gas or fluid-fluid than vapor-liquid
93.0,7238.99951,,0.8357,Py(T),Streett 1973,15526,Rather gas-gas or fluid-fluid than vapor-liquid
93.0,7563.99951,,0.864,Py(T),Streett 1973,15526,Rather gas-gas or fluid-fluid than vapor-liquid
93.0,7943.0,,0.885,Py(T),Streett 1973,15526,Rather gas-gas or fluid-fluid than vapor-liquid
93.0,8137.0,,0.889,Py(T),Streett 1973,15526,Rather gas-gas or fluid-fluid than vapor-liquid
100.0,9170.0,0.202,,Px(T),Streett 1973,15526,Rather gas-gas or fluid-fluid than vapor-liquid
100.0,8977.0,0.2185,,Px(T),Streett 1973,15526,Rather gas-gas or fluid-fluid than vapor-liquid
100.0,8618.0,0.2464,,Px(T),Streett 1973,15526,Rather gas-gas or fluid-fluid than vapor-liquid
100.0,8274.0,0.2876,,Px(T),Streett 1973,15526,Rather gas-gas or fluid-fluid than vapor-liquid
100.0,7957.0,0.342,,Px(T),Streett 1973,15526,Rather gas-gas or fluid-fluid than vapor-liquid
100.0,7597.99951,0.4351,,Px(T),Streett 1973,15526,Rather gas-gas or fluid-fluid than vapor-liquid
100.0,7597.99951,,0.7203,Py(T),Streett 1973,15526,Rather gas-gas or fluid-fluid than vapor-liquid
100.0,7957.0,,0.785,Py(T),Streett 1973,15526,Rather gas-gas or fluid-fluid than vapor-liquid
100.0,8274.0,,0.821,Py(T),Streett 1973,15526,Rather gas-gas or fluid-fluid than vapor-liquid
100.0,8977.0,,0.872,Py(T),Streett 1973,15526,Rather gas-gas or fluid-fluid than vapor-liquid
100.0,9170.0,,0.892,Py(T),Streett 1973,15526,Rather gas-gas or fluid-fluid than vapor-liquid
17.4,3.30949,0.0019,,Px(T),Smith 1952,15841,
17.4,3.30949,0.002,,Px(T),Smith 1952,15841,
17.4,5.72265,0.0022,,Px(T),Smith 1952,15841,
17.4,5.72265,0.0028,,Px(T),Smith 1952,15841,
17.4,6.61898,0.0027,,Px(T),Smith 1952,15841,
17.4,6.61898,0.0031,,Px(T),Smith 1952,15841,
17.4,9.72161,0.0045,,Px(T),Smith 1952,15841,
17.4,9.72161,0.0051,,Px(T),Smith 1952,15841,
17.4,14.27216,0.0067,,Px(T),Smith 1952,15841,
17.4,14.27216,0.0074,,Px(T),Smith 1952,15841,
17.4,21.78743,0.0105,,Px(T),Smith 1952,15841,
17.4,21.78743,0.0108,,Px(T),Smith 1952,15841,
17.4,24.68324,0.0111,,Px(T),Smith 1952,15841,
17.4,24.68324,0.0115,,Px(T),Smith 1952,15841,
17.4,3.30949,,0.834,Py(T),Smith 1952,15841,
17.4,3.30949,,0.835,Py(T),Smith 1952,15841,
17.4,5.72265,,0.901,Py(T),Smith 1952,15841,
17.4,5.72265,,0.908,Py(T),Smith 1952,15841,
17.4,6.61898,,0.918,Py(T),Smith 1952,15841,
17.4,6.61898,,0.918,Py(T),Smith 1952,15841,
17.4,9.72161,,0.935,Py(T),Smith 1952,15841,
17.4,9.72161,,0.934,Py(T),Smith 1952,15841,
17.4,10.82478,,0.955,Py(T),Smith 1952,15841,
17.4,10.82478,,0.953,Py(T),Smith 1952,15841,
17.4,13.51373,,0.961,Py(T),Smith 1952,15841,
17.4,13.51373,,0.962,Py(T),Smith 1952,15841,
17.4,14.27216,,0.943,Py(T),Smith 1952,15841,
17.4,14.27216,,0.944,Py(T),Smith 1952,15841,
17.4,16.27164,,0.963,Py(T),Smith 1952,15841,
17.4,16.27164,,0.962,Py(T),Smith 1952,15841,
17.4,18.409,,0.963,Py(T),Smith 1952,15841,
17.4,18.409,,0.963,Py(T),Smith 1952,15841,
17.4,21.78743,,0.95,Py(T),Smith 1952,15841,
17.4,21.78743,,0.95,Py(T),Smith 1952,15841,
17.4,24.68324,,0.952,Py(T),Smith 1952,15841,
17.4,24.68324,,0.952,Py(T),Smith 1952,15841,
17.4,32.61221,,0.936,Py(T),Smith 1952,15841,
17.4,32.61221,,0.936,Py(T),Smith 1952,15841,
17.4,36.19749,,0.944,Py(T),Smith 1952,15841,
17.4,36.19749,,0.943,Py(T),Smith 1952,15841,
17.4,39.92066,,0.942,Py(T),Smith 1952,15841,
17.4,39.92066,,0.942,Py(T),Smith 1952,15841,
20.39,4.3437,0.0059,,Px(T),Smith 1952,15841,
20.39,7.03266,0.0087,,Px(T),Smith 1952,15841,
20.39,12.20373,0.0153,,Px(T),Smith 1952,15841,
20.39,13.58268,0.0163,,Px(T),Smith 1952,15841,
20.39,13.58268,0.017,,Px(T),Smith 1952,15841,
20.39,15.30637,0.0204,,Px(T),Smith 1952,15841,
20.39,15.30637,0.0198,,Px(T),Smith 1952,15841,
20.39,17.65059,0.0216,,Px(T),Smith 1952,15841,
20.39,17.65059,0.0217,,Px(T),Smith 1952,15841,
20.39,17.65059,0.0225,,Px(T),Smith 1952,15841,
20.39,17.71953,0.0216,,Px(T),Smith 1952,15841,
20.39,17.71953,0.0218,,Px(T),Smith 1952,15841,
20.39,20.06375,0.0247,,Px(T),Smith 1952,15841,
20.39,21.09797,0.0253,,Px(T),Smith 1952,15841,
20.39,21.09797,0.0248,,Px(T),Smith 1952,15841,
20.39,21.4427,0.0255,,Px(T),Smith 1952,15841,
20.39,21.85639,0.0266,,Px(T),Smith 1952,15841,
20.39,21.85639,0.0256,,Px(T),Smith 1952,15841,
20.39,23.71797,0.0282,,Px(T),Smith 1952,15841,
20.39,24.13165,0.0278,,Px(T),Smith 1952,15841,
20.39,24.13165,0.0277,,Px(T),Smith 1952,15841,
20.39,24.13165,0.0258,,Px(T),Smith 1952,15841,
20.39,24.68324,0.0277,,Px(T),Smith 1952,15841,
20.39,24.68324,0.0264,,Px(T),Smith 1952,15841,
20.39,25.16588,0.0295,,Px(T),Smith 1952,15841,
20.39,25.16588,0.0297,,Px(T),Smith 1952,15841,
20.39,25.85535,0.0294,,Px(T),Smith 1952,15841,
20.39,25.85535,0.0289,,Px(T),Smith 1952,15841,
20.39,27.30325,0.0301,,Px(T),Smith 1952,15841,
20.39,27.30325,0.0295,,Px(T),Smith 1952,15841,
20.39,27.99272,0.0306,,Px(T),Smith 1952,15841,
20.39,32.75011,0.0344,,Px(T),Smith 1952,15841,
20.39,1.93053,,0.61,Py(T),Smith 1952,15841,
20.39,1.93053,,0.61,Py(T),Smith 1952,15841,
20.39,4.3437,,0.729,Py(T),Smith 1952,15841,
20.39,4.3437,,0.726,Py(T),Smith 1952,15841,
20.39,4.75738,,0.744,Py(T),Smith 1952,15841,
20.39,4.75738,,0.74,Py(T),Smith 1952,15841,
20.39,7.03266,,0.825,Py(T),Smith 1952,15841,
20.39,7.03266,,0.826,Py(T),Smith 1952,15841,
20.39,12.20373,,0.872,Py(T),Smith 1952,15841,
20.39,12.20373,,0.873,Py(T),Smith 1952,15841,
20.39,17.65059,,0.89,Py(T),Smith 1952,15841,
20.39,17.65059,,0.893,Py(T),Smith 1952,15841,
20.39,20.06375,,0.902,Py(T),Smith 1952,15841,
20.39,20.06375,,0.901,Py(T),Smith 1952,15841,
20.39,24.20061,,0.895,Py(T),Smith 1952,15841,
20.39,25.16588,,0.902,Py(T),Smith 1952,15841,
20.39,25.16588,,0.902,Py(T),Smith 1952,15841,
20.39,25.16588,,0.902,Py(T),Smith 1952,15841,
20.39,25.92429,,0.9,Py(T),Smith 1952,15841,
20.39,27.23431,,0.897,Py(T),Smith 1952,15841,
20.39,27.23431,,0.898,Py(T),Smith 1952,15841,
20.39,27.92377,,0.902,Py(T),Smith 1952,15841,
20.39,32.19852,,0.886,Py(T),Smith 1952,15841,
20.39,38.88644,,0.897,Py(T),Smith 1952,15841,
20.39,38.88644,,0.897,Py(T),Smith 1952,15841,
20.39,43.36803,,0.883,Py(T),Smith 1952,15841,
20.39,47.02227,,0.887,Py(T),Smith 1952,15841,
20.39,47.02227,,0.889,Py(T),Smith 1952,15841,
20.39,58.74335,,0.909,Py(T),Smith 1952,15841,
20.39,58.74335,,0.907,Py(T),Smith 1952,15841,
21.8,2.96474,0.0018,,Px(T),Smith 1952,15841,
21.8,2.96474,0.002,,Px(T),Smith 1952,15841,
21.8,5.65371,0.0029,,Px(T),Smith 1952,15841,
21.8,5.65371,0.0021,,Px(T),Smith 1952,15841,
21.8,10.82478,0.0121,,Px(T),Smith 1952,15841,
21.8,10.82478,0.0136,,Px(T),Smith 1952,15841,
21.8,15.6511,0.0149,,Px(T),Smith 1952,15841,
21.8,15.6511,0.0146,,Px(T),Smith 1952,15841,
21.8,21.09797,0.0244,,Px(T),Smith 1952,15841,
21.8,21.09797,0.0244,,Px(T),Smith 1952,15841,
21.8,26.61377,0.0306,,Px(T),Smith 1952,15841,
21.8,26.61377,0.0313,,Px(T),Smith 1952,15841,
21.8,3.79211,,0.658,Py(T),Smith 1952,15841,
21.8,3.79211,,0.659,Py(T),Smith 1952,15841,
21.8,5.24002,,0.715,Py(T),Smith 1952,15841,
21.8,5.24002,,0.718,Py(T),Smith 1952,15841,
21.8,5.24002,,0.719,Py(T),Smith 1952,15841,
21.8,10.82478,,0.836,Py(T),Smith 1952,15841,
21.8,10.82478,,0.837,Py(T),Smith 1952,15841,
21.8,13.0311,,0.822,Py(T),Smith 1952,15841,
21.8,13.0311,,0.821,Py(T),Smith 1952,15841,
21.8,13.0311,,0.822,Py(T),Smith 1952,15841,
21.8,26.61377,,0.874,Py(T),Smith 1952,15841,
21.8,26.61377,,0.872,Py(T),Smith 1952,15841,
21.8,30.81957,,0.889,Py(T),Smith 1952,15841,
21.8,30.81957,,0.887,Py(T),Smith 1952,15841,
21.8,30.81957,,0.889,Py(T),Smith 1952,15841,
14.7,4.053,0.0025,0.967,Pxy(T),Pashkov 1981,16049,
14.7,11.7537,0.0052,0.9815,Pxy(T),Pashkov 1981,16049,
14.7,19.0491,0.0065,0.9845,Pxy(T),Pashkov 1981,16049,
15.5,0.12159,0.0,0.0,Pxy(T),Pashkov 1981,16049,
15.5,3.95167,0.002,0.941,Pxy(T),Pashkov 1981,16049,
15.5,10.84177,0.0055,0.968,Pxy(T),Pashkov 1981,16049,
15.5,16.51597,0.007,0.978,Pxy(T),Pashkov 1981,16049,
15.5,20.265,0.0082,0.98,Pxy(T),Pashkov 1981,16049,
15.5,44.68432,0.011,0.969,Pxy(T),Pashkov 1981,16049,
15.5,50.6625,0.0112,0.978,Pxy(T),Pashkov 1981,16049,
17.0,0.3445,0.0,0.0,Pxy(T),Pashkov 1981,16049,
17.0,3.85035,0.002,0.9,Pxy(T),Pashkov 1981,16049,
17.0,10.1325,0.0055,0.946,Pxy(T),Pashkov 1981,16049,
17.0,13.67887,0.007,0.958,Pxy(T),Pashkov 1981,16049,
17.0,20.265,0.0097,0.96,Pxy(T),Pashkov 1981,16049,
17.0,30.60015,0.0123,0.962,Pxy(T),Pashkov 1981,16049,
17.0,50.96647,0.016,0.965,Pxy(T),Pashkov 1981,16049,
17.0,69.7116,0.017,0.964,Pxy(T),Pashkov 1981,16049,
17.0,89.67262,0.017,0.98,Pxy(T),Pashkov 1981,16049,
18.0,0.49649,0.0,0.0,Pxy(T),Pashkov 1981,16049,
18.0,12.5643,0.0085,0.939,Pxy(T),Pashkov 1981,16049,
18.0,20.77162,0.013,0.952,Pxy(T),Pashkov 1981,16049,
18.0,30.49882,0.0171,0.953,Pxy(T),Pashkov 1981,16049,
18.0,90.17924,0.023,0.961,Pxy(T),Pashkov 1981,16049,
18.0,115.40917,0.024,0.968,Pxy(T),Pashkov 1981,16049,
18.0,141.34837,0.0225,0.975,Pxy(T),Pashkov 1981,16049,
18.0,144.08415,0.0225,0.973,Pxy(T),Pashkov 1981,16049,
19.05,0.70928,0.0,0.0,Pxy(T),Pashkov 1981,16049,
19.05,3.03975,0.001,0.678,Pxy(T),Pashkov 1981,16049,
19.05,6.28215,0.0045,0.877,Pxy(T),Pashkov 1981,16049,
19.05,15.60405,0.013,0.922,Pxy(T),Pashkov 1981,16049,
19.05,19.8597,0.0145,0.932,Pxy(T),Pashkov 1981,16049,
19.05,31.71472,0.0205,0.945,Pxy(T),Pashkov 1981,16049,
19.05,47.52142,0.025,0.949,Pxy(T),Pashkov 1981,16049,
19.05,68.59702,0.029,0.95,Pxy(T),Pashkov 1981,16049,
19.05,75.3858,0.028,0.943,Pxy(T),Pashkov 1981,16049,
19.05,106.08727,0.0288,0.957,Pxy(T),Pashkov 1981,16049,
19.05,131.41852,0.0295,0.963,Pxy(T),Pashkov 1981,16049,
19.05,133.54634,0.028,0.96,Pxy(T),Pashkov 1981,16049,
19.05,154.11533,0.0282,0.967,Pxy(T),Pashkov 1981,16049,
20.4,1.07404,0.0,0.0,Pxy(T),Pashkov 1981,16049,
20.4,3.74902,0.0025,0.528,Pxy(T),Pashkov 1981,16049,
20.4,4.4583,0.003,0.566,Pxy(T),Pashkov 1981,16049,
20.4,5.2689,0.004,0.752,Pxy(T),Pashkov 1981,16049,
20.4,10.5378,0.012,0.851,Pxy(T),Pashkov 1981,16049,
20.4,21.17692,0.017,0.901,Pxy(T),Pashkov 1981,16049,
20.4,29.89087,0.0245,0.914,Pxy(T),Pashkov 1981,16049,
20.4,31.30942,0.0235,0.908,Pxy(T),Pashkov 1981,16049,
20.4,45.59625,0.0315,0.919,Pxy(T),Pashkov 1981,16049,
20.4,113.58532,0.0391,0.933,Pxy(T),Pashkov 1981,16049,
20.4,135.37019,0.037,0.9445,Pxy(T),Pashkov 1981,16049,
20.4,150.3663,0.036,0.95,Pxy(T),Pashkov 1981,16049,
22.03,1.72253,0.0,0.0,Pxy(T),Pashkov 1981,16049,
22.03,9.22057,0.013,0.698,Pxy(T),Pashkov 1981,16049,
22.03,17.8332,0.026,0.83,Pxy(T),Pashkov 1981,16049,
22.03,24.82463,0.031,0.856,Pxy(T),Pashkov 1981,16049,
22.03,28.87762,0.035,0.864,Pxy(T),Pashkov 1981,16049,
22.03,34.24785,0.041,0.875,Pxy(T),Pashkov 1981,16049,
22.03,49.14262,0.053,0.879,Pxy(T),Pashkov 1981,16049,
22.03,64.24005,0.06,0.883,Pxy(T),Pashkov 1981,16049,
22.03,73.96725,0.058,0.883,Pxy(T),Pashkov 1981,16049,
22.03,81.66795,0.065,0.894,Pxy(T),Pashkov 1981,16049,
22.03,103.95945,0.061,0.903,Pxy(T),Pashkov 1981,16049,
22.03,122.80589,0.057,0.902,Pxy(T),Pashkov 1981,16049,
22.03,130.9119,0.059,0.915,Pxy(T),Pashkov 1981,16049,
22.03,141.855,0.058,0.917,Pxy(T),Pashkov 1981,16049,
23.52,2.52299,0.0,0.0,Pxy(T),Pashkov 1981,16049,
23.52,7.19407,0.011,0.526,Pxy(T),Pashkov 1981,16049,
23.52,19.4544,0.034,0.78,Pxy(T),Pashkov 1981,16049,
23.52,26.14185,0.042,0.806,Pxy(T),Pashkov 1981,16049,
23.52,32.0187,0.051,0.816,Pxy(T),Pashkov 1981,16049,
23.52,41.036620000000006,0.065,0.827,Pxy(T),Pashkov 1981,16049,
23.52,53.19562,0.074,0.827,Pxy(T),Pashkov 1981,16049,
23.52,62.8215,0.081,0.834,Pxy(T),Pashkov 1981,16049,
23.52,81.76927,0.082,0.85,Pxy(T),Pashkov 1981,16049,
23.52,110.54557,0.081,0.865,Pxy(T),Pashkov 1981,16049,
23.52,119.76614,0.08,0.874,Pxy(T),Pashkov 1981,16049,
23.52,126.14962,0.083,0.868,Pxy(T),Pashkov 1981,16049,
23.52,140.6391,0.078,0.894,Pxy(T),Pashkov 1981,16049,
23.52,151.88617,0.078,0.904,Pxy(T),Pashkov 1981,16049,
25.42,3.69836,0.0,0.0,Pxy(T),Pashkov 1981,16049,
25.42,12.05767,0.024,0.578,Pxy(T),Pashkov 1981,16049,
25.42,34.75447,0.073,0.72,Pxy(T),Pashkov 1981,16049,
25.42,46.81215,0.094,0.75,Pxy(T),Pashkov 1981,16049,
25.42,67.07715,0.115,0.756,Pxy(T),Pashkov 1981,16049,
25.42,81.66795,0.131,0.76,Pxy(T),Pashkov 1981,16049,
25.42,90.17924,0.126,0.762,Pxy(T),Pashkov 1981,16049,
25.42,96.36007,0.135,0.768,Pxy(T),Pashkov 1981,16049,
25.42,110.2416,0.129,0.775,Pxy(T),Pashkov 1981,16049,
25.42,120.88072,0.131,0.795,Pxy(T),Pashkov 1981,16049,
25.42,133.24237,0.129,0.822,Pxy(T),Pashkov 1981,16049,
25.42,140.94307,0.131,0.831,Pxy(T),Pashkov 1981,16049,
26.6,4.66095,0.0,0.0,Pxy(T),Pashkov 1981,16049,
26.6,6.99142,0.01,0.304,Pxy(T),Pashkov 1981,16049,
26.6,11.3484,0.021,0.456,Pxy(T),Pashkov 1981,16049,
26.6,23.40607,0.062,0.6,Pxy(T),Pashkov 1981,16049,
26.6,38.40217,0.098,0.644,Pxy(T),Pashkov 1981,16049,
26.6,49.14262,0.123,0.655,Pxy(T),Pashkov 1981,16049,
26.6,61.40295,0.145,0.67,Pxy(T),Pashkov 1981,16049,
26.6,84.60637,0.18,0.701,Pxy(T),Pashkov 1981,16049,
26.6,94.23225,0.176,0.704,Pxy(T),Pashkov 1981,16049,
26.6,118.3476,0.184,0.732,Pxy(T),Pashkov 1981,16049,
26.6,132.33044,0.173,0.748,Pxy(T),Pashkov 1981,16049,
26.6,146.21198,0.174,0.77,Pxy(T),Pashkov 1981,16049,
27.8,5.85658,0.006,0.0,Pxy(T),Pashkov 1981,16049,
27.8,7.19407,0.006,0.13,Pxy(T),Pashkov 1981,16049,
27.8,14.89477,0.035,0.422,Pxy(T),Pashkov 1981,16049,
27.8,21.8862,0.06,0.506,Pxy(T),Pashkov 1981,16049,
27.8,52.79033,0.167,0.578,Pxy(T),Pashkov 1981,16049,
27.8,58.86982,0.194,0.57,Pxy(T),Pashkov 1981,16049,
27.8,68.59702,0.243,0.569,Pxy(T),Pashkov 1981,16049,
27.8,90.58455,0.279,0.584,Pxy(T),Pashkov 1981,16049,
27.8,99.39982,0.282,0.574,Pxy(T),Pashkov 1981,16049,
27.8,109.63364,0.283,0.586,Pxy(T),Pashkov 1981,16049,
27.8,116.42242,0.269,0.598,Pxy(T),Pashkov 1981,16049,
27.8,127.06155,0.263,0.62,Pxy(T),Pashkov 1981,16049,
27.8,142.36162,0.25,0.666,Pxy(T),Pashkov 1981,16049,
27.8,146.61726,0.254,0.665,Pxy(T),Pashkov 1981,16049,
27.8,151.48087,0.251,0.686,Pxy(T),Pashkov 1981,16049,
28.09,6.18082,0.0,0.0,Pxy(T),Pashkov 1981,16049,
28.09,13.3749,0.027,0.385,Pxy(T),Pashkov 1981,16049,
28.09,22.08885,0.058,0.488,Pxy(T),Pashkov 1981,16049,
28.09,48.636,0.186,0.548,Pxy(T),Pashkov 1981,16049,
28.09,63.42945,0.244,0.535,Pxy(T),Pashkov 1981,16049,
28.09,72.85268,0.288,0.524,Pxy(T),Pashkov 1981,16049,
28.09,82.78252,0.325,0.492,Pxy(T),Pashkov 1981,16049,
29.03,7.24474,0.0,0.0,Pxy(T),Pashkov 1981,16049,
29.03,13.67887,0.027,0.316,Pxy(T),Pashkov 1981,16049,
29.03,21.17692,0.056,0.435,Pxy(T),Pashkov 1981,16049,
29.03,39.92205,0.149,0.474,Pxy(T),Pashkov 1981,16049,
29.03,47.4201,0.218,0.443,Pxy(T),Pashkov 1981,16049,
30.01,8.5113,0.0,0.0,Pxy(T),Pashkov 1981,16049,
30.01,10.5378,0.01,0.097,Pxy(T),Pashkov 1981,16049,
30.01,16.41465,0.034,0.286,Pxy(T),Pashkov 1981,16049,
30.01,24.7233,0.083,0.374,Pxy(T),Pashkov 1981,16049,
30.01,33.2346,0.148,0.388,Pxy(T),Pashkov 1981,16049,
30.01,39.7194,0.244,0.332,Pxy(T),Pashkov 1981,16049,
31.9,21.27025,0.1202,,Px(T),Streett 1964,15219,
15.5,3.41289,,0.9378,PTy(-),Streett 1964,15219,
31.9,18.02973,,0.1562,PTy(-),Streett 1964,15219,
20.4,17.23683,0.0192,,Px(T),Sonntag 1964,15194,
20.4,34.47366,0.0308,,Px(T),Sonntag 1964,15194,
20.4,17.23683,0.0204,0.8664,Pxy(T),Sonntag 1964,15194,
20.4,27.57893,0.0294,0.8856,Pxy(T),Sonntag 1964,15194,
20.4,34.47366,0.0316,0.8599,Pxy(T),Sonntag 1964,15194,
26.0,17.23683,0.039,0.5952,Pxy(T),Sonntag 1964,15194,
26.0,27.57893,0.0637,0.6505,Pxy(T),Sonntag 1964,15194,
26.0,34.47366,0.081,0.6804,Pxy(T),Sonntag 1964,15194,
29.0,34.54261,,0.47,Py(T),Sonntag 1964,15194,
31.0,17.23683,0.0455,,Px(T),Sonntag 1964,15194,
31.0,22.33894,0.0908,,Px(T),Sonntag 1964,15194,
31.0,22.89051,,0.2368,Py(T),Sonntag 1964,15194,
31.0,24.13157,,0.2394,Py(T),Sonntag 1964,15194,
31.5,15.51315,,0.1402,Py(T),Sonntag 1964,15194,
31.5,18.96052,,0.1697,Py(T),Sonntag 1964,15194,
